Id,Id2,Geography,Estimate; HOUSING TENURE - Occupied housing units,Estimate; HOUSING TENURE - Occupied housing units - Owner-occupied,Percent; HOUSING TENURE - Occupied housing units - Owner-occupied,Estimate; HOUSING TENURE - Occupied housing units - Renter-occupied,Percent; HOUSING TENURE - Occupied housing units - Renter-occupied,Estimate; HOUSING TENURE - Average household size of owner-occupied unit,Percent; HOUSING TENURE - Average household size of owner-occupied unit,Estimate; HOUSING TENURE - Average household size of renter-occupied unit,Percent; HOUSING TENURE - Average household size of renter-occupied unit,Estimate; YEAR HOUSEHOLDER MOVED INTO UNIT - Occupied housing units,Percent; YEAR HOUSEHOLDER MOVED INTO UNIT - Occupied housing units,Estimate; YEAR HOUSEHOLDER MOVED INTO UNIT - Occupied housing units - Moved in 2015 or later,Percent; YEAR HOUSEHOLDER MOVED INTO UNIT - Occupied housing units - Moved in 2015 or later,Estimate; YEAR HOUSEHOLDER MOVED INTO UNIT - Occupied housing units - Moved in 2010 to 2014,Percent; YEAR HOUSEHOLDER MOVED INTO UNIT - Occupied housing units - Moved in 2010 to 2014,Estimate; YEAR HOUSEHOLDER MOVED INTO UNIT - Occupied housing units - Moved in 2000 to 2009,Percent; YEAR HOUSEHOLDER MOVED INTO UNIT - Occupied housing units - Moved in 2000 to 2009,Estimate; YEAR HOUSEHOLDER MOVED INTO UNIT - Occupied housing units - Moved in 1990 to 1999,Percent; YEAR HOUSEHOLDER MOVED INTO UNIT - Occupied housing units - Moved in 1990 to 1999,Estimate; YEAR HOUSEHOLDER MOVED INTO UNIT - Occupied housing units - Moved in 1980 to 1989,Percent; YEAR HOUSEHOLDER MOVED INTO UNIT - Occupied housing units - Moved in 1980 to 1989,Estimate; YEAR HOUSEHOLDER MOVED INTO UNIT - Occupied housing units - Moved in 1979 and earlier,Percent; YEAR HOUSEHOLDER MOVED INTO UNIT - Occupied housing units - Moved in 1979 and earlier,Estimate; SELECTED MONTHLY OWNER COSTS (SMOC) - Housing units with a mortgage,Estimate; SELECTED MONTHLY OWNER COSTS (SMOC) - Housing units with a mortgage - Median (dollars),Estimate; SELECTED MONTHLY OWNER COSTS (SMOC) - Housing units without a mortgage,Estimate; SELECTED MONTHLY OWNER COSTS (SMOC) - Housing units without a mortgage - Median (dollars),Estimate; GROSS RENT - Occupied units paying rent,Estimate; GROSS RENT - Occupied units paying rent - Median (dollars),Estimate; INCOME AND BENEFITS (IN 2017 INFLATION-ADJUSTED DOLLARS) - Total households - Median household income (dollars)
1400000US34005700102,34005700102,"Census Tract 7001.02, Burlington County, New Jersey",1019,822,80.7,197,19.3,2.66,(X),2.73,(X),1019,1019,55,5.4,252,24.7,309,30.3,112,11,157,15.4,134,13.2,594,1888,228,907,188,1361,81891
1400000US34005700103,34005700103,"Census Tract 7001.03, Burlington County, New Jersey",1300,906,69.7,394,30.3,2.05,(X),2.15,(X),1300,1300,161,12.4,276,21.2,525,40.4,201,15.5,114,8.8,23,1.8,638,1565,268,776,384,1383,65556
1400000US34005700104,34005700104,"Census Tract 7001.04, Burlington County, New Jersey",668,364,54.5,304,45.5,2.91,(X),2.66,(X),668,668,83,12.4,234,35,155,23.2,73,10.9,27,4,96,14.4,263,1866,101,694,297,1024,47384
1400000US34005700200,34005700200,"Census Tract 7002, Burlington County, New Jersey",997,822,82.4,175,17.6,2.76,(X),2.28,(X),997,997,88,8.8,166,16.6,304,30.5,214,21.5,80,8,145,14.5,613,2257,209,1022,154,1125,95288
1400000US34005700303,34005700303,"Census Tract 7003.03, Burlington County, New Jersey",1320,918,69.5,402,30.5,2.8,(X),2.2,(X),1320,1320,106,8,589,44.6,250,18.9,177,13.4,66,5,132,10,586,2244,332,970,395,1508,90294
1400000US34005700304,34005700304,"Census Tract 7003.04, Burlington County, New Jersey",850,795,93.5,55,6.5,2.99,(X),2.25,(X),850,850,12,1.4,138,16.2,272,32,153,18,83,9.8,192,22.6,519,1873,276,889,55,1411,75577
1400000US34005700305,34005700305,"Census Tract 7003.05, Burlington County, New Jersey",1748,1663,95.1,85,4.9,3.01,(X),2.24,(X),1748,1748,46,2.6,322,18.4,497,28.4,399,22.8,261,14.9,223,12.8,1019,2442,644,1019,80,1742,95500
1400000US34005700306,34005700306,"Census Tract 7003.06, Burlington County, New Jersey",824,786,95.4,38,4.6,2.93,(X),4.82,(X),824,824,21,2.5,101,12.3,259,31.4,171,20.8,100,12.1,172,20.9,531,2129,255,922,38,2025,111000
1400000US34005700307,34005700307,"Census Tract 7003.07, Burlington County, New Jersey",922,879,95.3,43,4.7,2.97,(X),2.79,(X),922,922,36,3.9,104,11.3,395,42.8,162,17.6,74,8,151,16.4,632,2464,247,1104,29,-,125714
1400000US34005700401,34005700401,"Census Tract 7004.01, Burlington County, New Jersey",749,634,84.6,115,15.4,2.79,(X),2.03,(X),749,749,22,2.9,186,24.8,161,21.5,181,24.2,63,8.4,136,18.2,460,1876,174,804,109,1085,65703
1400000US34005700402,34005700402,"Census Tract 7004.02, Burlington County, New Jersey",1214,1122,92.4,92,7.6,2.53,(X),2.07,(X),1214,1214,32,2.6,178,14.7,381,31.4,302,24.9,114,9.4,207,17.1,774,1787,348,709,59,1165,73235
1400000US34005700403,34005700403,"Census Tract 7004.03, Burlington County, New Jersey",1692,1162,68.7,530,31.3,2.9,(X),2.02,(X),1692,1692,130,7.7,515,30.4,437,25.8,233,13.8,145,8.6,232,13.7,782,1725,380,792,513,957,61842
1400000US34005700405,34005700405,"Census Tract 7004.05, Burlington County, New Jersey",645,535,82.9,110,17.1,2.92,(X),2.68,(X),645,645,42,6.5,78,12.1,215,33.3,107,16.6,75,11.6,128,19.8,342,1772,193,720,110,1194,83750
1400000US34005700407,34005700407,"Census Tract 7004.07, Burlington County, New Jersey",2745,303,11,2442,89,1.58,(X),1.99,(X),2745,2745,409,14.9,1621,59.1,476,17.3,180,6.6,30,1.1,29,1.1,173,1318,130,656,2410,1153,43830
1400000US34005700408,34005700408,"Census Tract 7004.08, Burlington County, New Jersey",1175,170,14.5,1005,85.5,1.65,(X),1.7,(X),1175,1175,255,21.7,544,46.3,281,23.9,39,3.3,42,3.6,14,1.2,142,1730,28,700,999,1193,61424
1400000US34005700501,34005700501,"Census Tract 7005.01, Burlington County, New Jersey",2138,1581,73.9,557,26.1,2.71,(X),2.08,(X),2138,2138,161,7.5,346,16.2,633,29.6,464,21.7,196,9.2,338,15.8,1049,2363,532,953,542,1216,102873
1400000US34005700502,34005700502,"Census Tract 7005.02, Burlington County, New Jersey",730,647,88.6,83,11.4,3.12,(X),2.22,(X),730,730,64,8.8,78,10.7,227,31.1,153,21,54,7.4,154,21.1,422,2806,225,1066,62,1526,104000
1400000US34005700503,34005700503,"Census Tract 7005.03, Burlington County, New Jersey",1325,1229,92.8,96,7.2,2.92,(X),1.45,(X),1325,1325,51,3.8,229,17.3,449,33.9,289,21.8,99,7.5,208,15.7,752,3315,477,"1,500+",96,-,155313
1400000US34005700504,34005700504,"Census Tract 7005.04, Burlington County, New Jersey",1052,805,76.5,247,23.5,2.76,(X),2.74,(X),1052,1052,71,6.7,328,31.2,197,18.7,249,23.7,74,7,133,12.6,518,2521,287,1079,247,1295,126417
1400000US34005700505,34005700505,"Census Tract 7005.05, Burlington County, New Jersey",1931,1802,93.3,129,6.7,3.16,(X),1.95,(X),1931,1931,86,4.5,317,16.4,862,44.6,535,27.7,82,4.2,49,2.5,1062,"4,000+",740,"1,500+",84,856,196926
1400000US34005700602,34005700602,"Census Tract 7006.02, Burlington County, New Jersey",2119,1989,93.9,130,6.1,2.82,(X),2.81,(X),2119,2119,62,2.9,299,14.1,1057,49.9,377,17.8,90,4.2,234,11,1448,1981,541,1068,130,1735,101128
1400000US34005700603,34005700603,"Census Tract 7006.03, Burlington County, New Jersey",2123,1251,58.9,872,41.1,3.32,(X),2.15,(X),2123,2123,121,5.7,806,38,601,28.3,244,11.5,59,2.8,292,13.8,828,1931,423,960,872,1077,72819
1400000US34005700605,34005700605,"Census Tract 7006.05, Burlington County, New Jersey",1580,1314,83.2,266,16.8,3.05,(X),2.62,(X),1580,1580,72,4.6,308,19.5,402,25.4,277,17.5,231,14.6,290,18.4,965,2278,349,1030,266,1397,109722
1400000US34005700701,34005700701,"Census Tract 7007.01, Burlington County, New Jersey",1254,830,66.2,424,33.8,2.44,(X),2.88,(X),1254,1254,75,6,392,31.3,306,24.4,160,12.8,154,12.3,167,13.3,540,1780,290,824,415,1273,64348
1400000US34005700702,34005700702,"Census Tract 7007.02, Burlington County, New Jersey",872,579,66.4,293,33.6,3.14,(X),2.45,(X),872,872,72,8.3,208,23.9,286,32.8,147,16.9,49,5.6,110,12.6,431,1616,148,756,288,972,62130
1400000US34005700703,34005700703,"Census Tract 7007.03, Burlington County, New Jersey",843,507,60.1,336,39.9,2.62,(X),2.53,(X),843,843,111,13.2,203,24.1,258,30.6,131,15.5,99,11.7,41,4.9,354,1758,153,801,314,1210,47731
1400000US34005700800,34005700800,"Census Tract 7008, Burlington County, New Jersey",1864,1414,75.9,450,24.1,2.55,(X),1.98,(X),1864,1864,78,4.2,561,30.1,725,38.9,149,8,168,9,183,9.8,1023,1980,391,889,443,1233,79778
1400000US34005700900,34005700900,"Census Tract 7009, Burlington County, New Jersey",949,659,69.4,290,30.6,2.71,(X),2.54,(X),949,949,92,9.7,194,20.4,343,36.1,118,12.4,104,11,98,10.3,486,1611,173,738,249,959,48583
1400000US34005701001,34005701001,"Census Tract 7010.01, Burlington County, New Jersey",2172,1002,46.1,1170,53.9,2.17,(X),2.4,(X),2172,2172,146,6.7,879,40.5,593,27.3,280,12.9,147,6.8,127,5.8,587,1509,415,796,1156,1230,59125
1400000US34005701002,34005701002,"Census Tract 7010.02, Burlington County, New Jersey",1283,948,73.9,335,26.1,3.08,(X),2.63,(X),1283,1283,102,8,270,21,386,30.1,172,13.4,140,10.9,213,16.6,627,1857,321,848,326,1140,73981
1400000US34005701102,34005701102,"Census Tract 7011.02, Burlington County, New Jersey",1896,1569,82.8,327,17.2,3.15,(X),1.29,(X),1896,1896,92,4.9,266,14,1047,55.2,426,22.5,37,2,28,1.5,1370,2294,199,906,316,913,111176
1400000US34005701103,34005701103,"Census Tract 7011.03, Burlington County, New Jersey",2114,1870,88.5,244,11.5,3.18,(X),2.21,(X),2114,2114,70,3.3,442,20.9,812,38.4,455,21.5,126,6,209,9.9,1436,2278,434,878,244,1188,87404
1400000US34005701104,34005701104,"Census Tract 7011.04, Burlington County, New Jersey",1703,1075,63.1,628,36.9,2.87,(X),2.3,(X),1703,1703,139,8.2,485,28.5,554,32.5,217,12.7,108,6.3,200,11.7,764,2129,311,872,621,1160,74583
1400000US34005701105,34005701105,"Census Tract 7011.05, Burlington County, New Jersey",2160,1510,69.9,650,30.1,2.73,(X),2.44,(X),2160,2160,112,5.2,746,34.5,710,32.9,280,13,92,4.3,220,10.2,1061,2189,449,765,628,991,68621
1400000US34005701201,34005701201,"Census Tract 7012.01, Burlington County, New Jersey",1202,1010,84,192,16,2.55,(X),2.12,(X),1202,1202,81,6.7,176,14.6,453,37.7,168,14,147,12.2,177,14.7,663,1884,347,758,132,1060,73947
1400000US34005701203,34005701203,"Census Tract 7012.03, Burlington County, New Jersey",748,503,67.2,245,32.8,2.74,(X),2.66,(X),748,748,75,10,221,29.5,169,22.6,119,15.9,56,7.5,108,14.4,284,1657,219,676,245,1053,63929
1400000US34005701204,34005701204,"Census Tract 7012.04, Burlington County, New Jersey",1000,307,30.7,693,69.3,2.94,(X),2.19,(X),1000,1000,133,13.3,337,33.7,313,31.3,75,7.5,117,11.7,25,2.5,195,1726,112,980,682,858,24071
1400000US34005701205,34005701205,"Census Tract 7012.05, Burlington County, New Jersey",951,614,64.6,337,35.4,2.48,(X),2.52,(X),951,951,114,12,159,16.7,285,30,240,25.2,87,9.1,66,6.9,419,1848,195,755,323,997,56202
1400000US34005701301,34005701301,"Census Tract 7013.01, Burlington County, New Jersey",1888,1264,66.9,624,33.1,2.52,(X),2.17,(X),1888,1888,172,9.1,324,17.2,680,36,297,15.7,238,12.6,177,9.4,947,1690,317,720,614,1018,53478
1400000US34005701302,34005701302,"Census Tract 7013.02, Burlington County, New Jersey",1081,888,82.1,193,17.9,2.42,(X),2.74,(X),1081,1081,67,6.2,288,26.6,341,31.5,197,18.2,82,7.6,106,9.8,735,1544,153,641,193,1308,81205
1400000US34005701303,34005701303,"Census Tract 7013.03, Burlington County, New Jersey",2035,1978,97.2,57,2.8,2.68,(X),2.39,(X),2035,2035,66,3.2,463,22.8,925,45.5,298,14.6,121,5.9,162,8,1514,2360,464,807,29,993,103219
1400000US34005701401,34005701401,"Census Tract 7014.01, Burlington County, New Jersey",2295,2238,97.5,57,2.5,2.8,(X),3.19,(X),2295,2295,121,5.3,174,7.6,1395,60.8,224,9.8,258,11.2,123,5.4,1729,2637,509,1030,57,-,121941
1400000US34005701402,34005701402,"Census Tract 7014.02, Burlington County, New Jersey",1237,1213,98.1,24,1.9,1.72,(X),2.46,(X),1237,1237,63,5.1,230,18.6,575,46.5,220,17.8,139,11.2,10,0.8,455,1530,758,731,24,1833,51414
1400000US34005701502,34005701502,"Census Tract 7015.02, Burlington County, New Jersey",1699,1134,66.7,565,33.3,2.64,(X),1.82,(X),1699,1699,106,6.2,524,30.8,571,33.6,196,11.5,111,6.5,191,11.2,811,1711,323,1031,555,1077,72250
1400000US34005701700,34005701700,"Census Tract 7017, Burlington County, New Jersey",1736,902,52,834,48,2.55,(X),1.79,(X),1736,1736,196,11.3,513,29.6,576,33.2,188,10.8,68,3.9,195,11.2,646,2026,256,708,803,1210,76250
1400000US34005702101,34005702101,"Census Tract 7021.01, Burlington County, New Jersey",1280,3,0.2,1277,99.8,3.33,(X),3.43,(X),1280,1280,365,28.5,843,65.9,72,5.6,0,0,0,0,0,0,3,-,0,-,1271,1955,63099
1400000US34005702203,34005702203,"Census Tract 7022.03, Burlington County, New Jersey",1461,842,57.6,619,42.4,2.69,(X),1.93,(X),1461,1461,222,15.2,308,21.1,346,23.7,119,8.1,143,9.8,323,22.1,541,1667,301,620,619,913,57534
1400000US34005702204,34005702204,"Census Tract 7022.04, Burlington County, New Jersey",703,479,68.1,224,31.9,2.9,(X),2.9,(X),703,703,21,3,298,42.4,153,21.8,126,17.9,39,5.5,66,9.4,368,1696,111,674,224,1057,59063
1400000US34005702206,34005702206,"Census Tract 7022.06, Burlington County, New Jersey",725,539,74.3,186,25.7,2.94,(X),2.48,(X),725,725,38,5.2,183,25.2,232,32,118,16.3,72,9.9,82,11.3,325,1614,214,645,174,900,57989
1400000US34005702207,34005702207,"Census Tract 7022.07, Burlington County, New Jersey",1293,945,73.1,348,26.9,2.32,(X),2.55,(X),1293,1293,101,7.8,334,25.8,429,33.2,266,20.6,46,3.6,117,9,531,1399,414,645,324,820,51635
1400000US34005702208,34005702208,"Census Tract 7022.08, Burlington County, New Jersey",2162,1837,85,325,15,3.06,(X),3.52,(X),2162,2162,118,5.5,404,18.7,564,26.1,511,23.6,217,10,348,16.1,1457,1571,380,694,325,1744,78125
1400000US34005702209,34005702209,"Census Tract 7022.09, Burlington County, New Jersey",1090,782,71.7,308,28.3,2.78,(X),3.37,(X),1090,1090,73,6.7,272,25,332,30.5,175,16.1,160,14.7,78,7.2,574,1484,208,639,296,1244,71369
1400000US34005702210,34005702210,"Census Tract 7022.10, Burlington County, New Jersey",1573,1187,75.5,386,24.5,2.74,(X),3.27,(X),1573,1573,103,6.5,309,19.6,474,30.1,262,16.7,285,18.1,140,8.9,896,1437,291,574,380,1080,65542
1400000US34005702300,34005702300,"Census Tract 7023, Burlington County, New Jersey",561,372,66.3,189,33.7,2.55,(X),2.57,(X),561,561,56,10,114,20.3,275,49,63,11.2,15,2.7,38,6.8,276,1779,96,668,181,1117,67750
1400000US34005702400,34005702400,"Census Tract 7024, Burlington County, New Jersey",1074,965,89.9,109,10.1,3.07,(X),3.46,(X),1074,1074,26,2.4,167,15.5,355,33.1,218,20.3,141,13.1,167,15.5,696,2714,269,982,75,869,108875
1400000US34005702500,34005702500,"Census Tract 7025, Burlington County, New Jersey",2056,1457,70.9,599,29.1,3.13,(X),2.4,(X),2056,2056,326,15.9,527,25.6,430,20.9,402,19.6,263,12.8,108,5.3,1115,2282,342,919,559,1144,90938
1400000US34005702601,34005702601,"Census Tract 7026.01, Burlington County, New Jersey",1703,1339,78.6,364,21.4,2.57,(X),2.19,(X),1703,1703,146,8.6,333,19.6,540,31.7,214,12.6,180,10.6,290,17,1057,1782,282,754,364,1229,74964
1400000US34005702603,34005702603,"Census Tract 7026.03, Burlington County, New Jersey",858,396,46.2,462,53.8,2.48,(X),2.64,(X),858,858,138,16.1,241,28.1,239,27.9,59,6.9,67,7.8,114,13.3,235,1443,161,745,445,1076,39079
1400000US34005702700,34005702700,"Census Tract 7027, Burlington County, New Jersey",3124,2817,90.2,307,9.8,2.8,(X),2.71,(X),3124,3124,102,3.3,402,12.9,1272,40.7,776,24.8,361,11.6,211,6.8,2281,1944,536,800,254,1769,105000
1400000US34005702801,34005702801,"Census Tract 7028.01, Burlington County, New Jersey",684,625,91.4,59,8.6,2.94,(X),4.54,(X),684,684,11,1.6,117,17.1,254,37.1,66,9.6,102,14.9,134,19.6,484,1730,141,865,59,1663,78947
1400000US34005702802,34005702802,"Census Tract 7028.02, Burlington County, New Jersey",1035,963,93,72,7,3.21,(X),4.35,(X),1035,1035,8,0.8,159,15.4,332,32.1,90,8.7,156,15.1,290,28,612,1575,351,829,72,1857,64063
1400000US34005702803,34005702803,"Census Tract 7028.03, Burlington County, New Jersey",1300,1183,91,117,9,2.9,(X),3.35,(X),1300,1300,111,8.5,206,15.8,315,24.2,234,18,223,17.2,211,16.2,910,1778,273,884,111,1558,78000
1400000US34005702804,34005702804,"Census Tract 7028.04, Burlington County, New Jersey",943,864,91.6,79,8.4,2.69,(X),2.3,(X),943,943,33,3.5,146,15.5,361,38.3,138,14.6,93,9.9,172,18.2,710,1783,154,667,74,1657,77250
1400000US34005702805,34005702805,"Census Tract 7028.05, Burlington County, New Jersey",1134,908,80.1,226,19.9,2.97,(X),5.73,(X),1134,1134,17,1.5,180,15.9,333,29.4,208,18.3,76,6.7,320,28.2,627,1936,281,744,173,1756,76842
1400000US34005702806,34005702806,"Census Tract 7028.06, Burlington County, New Jersey",1126,894,79.4,232,20.6,3.28,(X),2.98,(X),1126,1126,41,3.6,215,19.1,364,32.3,165,14.7,127,11.3,214,19,776,1649,118,706,183,1843,70263
1400000US34005702807,34005702807,"Census Tract 7028.07, Burlington County, New Jersey",1068,659,61.7,409,38.3,3.31,(X),2.67,(X),1068,1068,90,8.4,292,27.3,387,36.2,95,8.9,86,8.1,118,11,492,1495,167,834,409,1281,65865
1400000US34005702808,34005702808,"Census Tract 7028.08, Burlington County, New Jersey",1042,823,79,219,21,2.93,(X),3.88,(X),1042,1042,65,6.2,127,12.2,311,29.8,113,10.8,216,20.7,210,20.2,562,1819,261,771,206,1460,67083
1400000US34005702809,34005702809,"Census Tract 7028.09, Burlington County, New Jersey",716,339,47.3,377,52.7,2.31,(X),3.19,(X),716,716,105,14.7,279,39,209,29.2,76,10.6,37,5.2,10,1.4,299,1404,40,514,377,1555,56250
1400000US34005702810,34005702810,"Census Tract 7028.10, Burlington County, New Jersey",398,383,96.2,15,3.8,3.11,(X),2.4,(X),398,398,0,0,35,8.8,176,44.2,92,23.1,36,9,59,14.8,284,2180,99,1023,9,-,98558
1400000US34005702811,34005702811,"Census Tract 7028.11, Burlington County, New Jersey",814,793,97.4,21,2.6,2.73,(X),6.81,(X),814,814,20,2.5,48,5.9,173,21.3,231,28.4,143,17.6,199,24.4,578,1952,215,999,21,-,77308
1400000US34005702905,34005702905,"Census Tract 7029.05, Burlington County, New Jersey",1688,1068,63.3,620,36.7,2.76,(X),1.97,(X),1688,1688,97,5.7,649,38.4,388,23,240,14.2,164,9.7,150,8.9,710,2320,358,1016,601,1445,101515
1400000US34005702906,34005702906,"Census Tract 7029.06, Burlington County, New Jersey",619,543,87.7,76,12.3,3.12,(X),2.22,(X),619,619,34,5.5,73,11.8,170,27.5,152,24.6,63,10.2,127,20.5,361,2160,182,980,66,2159,104031
1400000US34005702907,34005702907,"Census Tract 7029.07, Burlington County, New Jersey",1198,1171,97.7,27,2.3,2.28,(X),1.48,(X),1198,1198,27,2.3,205,17.1,388,32.4,233,19.4,169,14.1,176,14.7,598,2248,573,836,13,-,76979
1400000US34005702908,34005702908,"Census Tract 7029.08, Burlington County, New Jersey",1978,1867,94.4,111,5.6,2.14,(X),1.23,(X),1978,1978,195,9.9,367,18.6,620,31.3,657,33.2,72,3.6,67,3.4,953,2455,914,950,61,2051,69397
1400000US34005702909,34005702909,"Census Tract 7029.09, Burlington County, New Jersey",2509,2079,82.9,430,17.1,2.42,(X),3.54,(X),2509,2509,274,10.9,557,22.2,931,37.1,533,21.2,142,5.7,72,2.9,1601,2016,478,966,430,1521,110703
1400000US34005702910,34005702910,"Census Tract 7029.10, Burlington County, New Jersey",2000,1678,83.9,322,16.1,2.69,(X),2.42,(X),2000,2000,40,2,440,22,903,45.2,501,25.1,100,5,16,0.8,1037,3425,641,1159,309,974,116053
1400000US34005702913,34005702913,"Census Tract 7029.13, Burlington County, New Jersey",2429,1380,56.8,1049,43.2,1.8,(X),2.15,(X),2429,2429,494,20.3,756,31.1,819,33.7,281,11.6,61,2.5,18,0.7,935,1486,445,727,1035,1542,67875
1400000US34005702914,34005702914,"Census Tract 7029.14, Burlington County, New Jersey",1518,1299,85.6,219,14.4,2.8,(X),2.98,(X),1518,1518,24,1.6,316,20.8,466,30.7,274,18.1,237,15.6,201,13.2,948,2233,351,966,179,2225,97132
1400000US34005702915,34005702915,"Census Tract 7029.15, Burlington County, New Jersey",1683,1212,72,471,28,2.54,(X),2.49,(X),1683,1683,137,8.1,357,21.2,658,39.1,301,17.9,220,13.1,10,0.6,994,1988,218,854,471,1401,91250
1400000US34005702917,34005702917,"Census Tract 7029.17, Burlington County, New Jersey",780,698,89.5,82,10.5,2.43,(X),1.88,(X),780,780,66,8.5,150,19.2,236,30.3,239,30.6,62,7.9,27,3.5,552,1962,146,997,77,1705,104695
1400000US34005702918,34005702918,"Census Tract 7029.18, Burlington County, New Jersey",855,705,82.5,150,17.5,2.01,(X),1.93,(X),855,855,54,6.3,240,28.1,360,42.1,154,18,28,3.3,19,2.2,542,1674,163,738,147,1760,82837
1400000US34005703000,34005703000,"Census Tract 7030, Burlington County, New Jersey",2295,2167,94.4,128,5.6,2.71,(X),1.41,(X),2295,2295,109,4.7,304,13.2,909,39.6,622,27.1,167,7.3,184,8,1634,2266,533,750,115,-,97420
1400000US34005703102,34005703102,"Census Tract 7031.02, Burlington County, New Jersey",900,786,87.3,114,12.7,3.19,(X),1.65,(X),900,900,23,2.6,157,17.4,490,54.4,113,12.6,78,8.7,39,4.3,577,3467,209,1321,99,1726,170962
1400000US34005703103,34005703103,"Census Tract 7031.03, Burlington County, New Jersey",1920,921,48,999,52,2.7,(X),2.25,(X),1920,1920,256,13.3,679,35.4,559,29.1,331,17.2,80,4.2,15,0.8,779,1899,142,916,994,1246,62403
1400000US34005703104,34005703104,"Census Tract 7031.04, Burlington County, New Jersey",1768,1514,85.6,254,14.4,2.86,(X),1.74,(X),1768,1768,35,2,272,15.4,768,43.4,405,22.9,164,9.3,124,7,1202,2284,312,781,243,845,86023
1400000US34005703201,34005703201,"Census Tract 7032.01, Burlington County, New Jersey",1391,1283,92.2,108,7.8,2.77,(X),1.68,(X),1391,1391,68,4.9,287,20.6,379,27.2,253,18.2,217,15.6,187,13.4,755,1817,528,810,90,939,69120
1400000US34005703202,34005703202,"Census Tract 7032.02, Burlington County, New Jersey",866,779,90,87,10,2.95,(X),3.06,(X),866,866,17,2,137,15.8,168,19.4,244,28.2,131,15.1,169,19.5,508,2591,271,909,50,2109,97083
1400000US34005703203,34005703203,"Census Tract 7032.03, Burlington County, New Jersey",2370,2216,93.5,154,6.5,1.65,(X),2.06,(X),2370,2370,128,5.4,369,15.6,1221,51.5,332,14,146,6.2,174,7.3,1074,1226,1142,622,74,1183,42745
1400000US34005703600,34005703600,"Census Tract 7036, Burlington County, New Jersey",2424,2280,94.1,144,5.9,2.86,(X),2.74,(X),2424,2424,29,1.2,236,9.7,902,37.2,387,16,364,15,506,20.9,1613,2164,667,891,84,1778,99549
1400000US34005703700,34005703700,"Census Tract 7037, Burlington County, New Jersey",2175,2063,94.9,112,5.1,3.03,(X),1.75,(X),2175,2175,104,4.8,529,24.3,614,28.2,447,20.6,320,14.7,161,7.4,1540,2247,523,944,112,983,102316
1400000US34005703801,34005703801,"Census Tract 7038.01, Burlington County, New Jersey",2624,2225,84.8,399,15.2,2.73,(X),2.16,(X),2624,2624,110,4.2,613,23.4,816,31.1,636,24.2,220,8.4,229,8.7,1619,2756,606,1047,382,1370,118417
1400000US34005703802,34005703802,"Census Tract 7038.02, Burlington County, New Jersey",1821,1183,65,638,35,2.42,(X),1.9,(X),1821,1821,201,11,744,40.9,415,22.8,254,13.9,141,7.7,66,3.6,741,2335,442,1088,625,1223,86199
1400000US34005703803,34005703803,"Census Tract 7038.03, Burlington County, New Jersey",1709,1620,94.8,89,5.2,2.83,(X),2.96,(X),1709,1709,155,9.1,246,14.4,475,27.8,393,23,106,6.2,334,19.5,1257,2204,363,1088,89,2154,108958
1400000US34005703804,34005703804,"Census Tract 7038.04, Burlington County, New Jersey",2332,2285,98,47,2,3.09,(X),4.13,(X),2332,2332,127,5.4,175,7.5,914,39.2,576,24.7,369,15.8,171,7.3,1625,3155,660,1198,47,-,127233
1400000US34005703900,34005703900,"Census Tract 7039, Burlington County, New Jersey",1495,1381,92.4,114,7.6,2.73,(X),2.7,(X),1495,1495,68,4.5,249,16.7,442,29.6,331,22.1,150,10,255,17.1,1069,2466,312,1036,114,1890,105598
1400000US34005704004,34005704004,"Census Tract 7040.04, Burlington County, New Jersey",1671,870,52.1,801,47.9,2.73,(X),1.83,(X),1671,1671,193,11.5,585,35,410,24.5,287,17.2,93,5.6,103,6.2,671,1990,199,853,783,1172,72021
1400000US34005704005,34005704005,"Census Tract 7040.05, Burlington County, New Jersey",1550,1076,69.4,474,30.6,2.87,(X),1.74,(X),1550,1550,137,8.8,430,27.7,397,25.6,253,16.3,143,9.2,190,12.3,762,2208,314,865,474,1378,79732
1400000US34005704006,34005704006,"Census Tract 7040.06, Burlington County, New Jersey",853,735,86.2,118,13.8,2.71,(X),1.87,(X),853,853,34,4,156,18.3,333,39,149,17.5,124,14.5,57,6.7,571,2033,164,908,113,1339,92125
1400000US34005704007,34005704007,"Census Tract 7040.07, Burlington County, New Jersey",1448,1023,70.6,425,29.4,2.84,(X),1.42,(X),1448,1448,81,5.6,281,19.4,430,29.7,272,18.8,93,6.4,291,20.1,732,1997,291,832,416,2087,62039
1400000US34005704008,34005704008,"Census Tract 7040.08, Burlington County, New Jersey",1966,1401,71.3,565,28.7,3.03,(X),1.93,(X),1966,1966,150,7.6,417,21.2,445,22.6,565,28.7,211,10.7,178,9.1,1046,2339,355,1105,558,1508,94375
1400000US34005704009,34005704009,"Census Tract 7040.09, Burlington County, New Jersey",1789,1029,57.5,760,42.5,3.03,(X),1.96,(X),1789,1789,254,14.2,699,39.1,351,19.6,370,20.7,59,3.3,56,3.1,850,2230,179,934,748,1560,89844
1400000US34005704011,34005704011,"Census Tract 7040.11, Burlington County, New Jersey",1083,1041,96.1,42,3.9,2.85,(X),3.24,(X),1083,1083,68,6.3,134,12.4,398,36.7,235,21.7,75,6.9,173,16,731,2720,310,982,27,-,125977
1400000US34005704012,34005704012,"Census Tract 7040.12, Burlington County, New Jersey",2258,1910,84.6,348,15.4,2.39,(X),2.41,(X),2258,2258,193,8.5,503,22.3,745,33,475,21,326,14.4,16,0.7,1583,1885,327,983,314,1607,100667
1400000US34005704013,34005704013,"Census Tract 7040.13, Burlington County, New Jersey",1751,1720,98.2,31,1.8,2.98,(X),2.94,(X),1751,1751,22,1.3,270,15.4,533,30.4,538,30.7,228,13,160,9.1,1354,2322,366,962,21,-,111719
1400000US34005704014,34005704014,"Census Tract 7040.14, Burlington County, New Jersey",2988,2424,81.1,564,18.9,2.76,(X),2.17,(X),2988,2988,192,6.4,700,23.4,1520,50.9,370,12.4,157,5.3,49,1.6,1662,2620,762,1129,548,970,118033
1400000US34005704200,34005704200,"Census Tract 7042, Burlington County, New Jersey",2930,2384,81.4,546,18.6,2.95,(X),2.25,(X),2930,2930,227,7.7,404,13.8,1211,41.3,541,18.5,313,10.7,234,8,1738,2551,646,855,491,1230,97560
1400000US34005704302,34005704302,"Census Tract 7043.02, Burlington County, New Jersey",1824,1674,91.8,150,8.2,3.28,(X),2.93,(X),1824,1824,107,5.9,384,21.1,796,43.6,308,16.9,91,5,138,7.6,1338,2988,336,1246,143,1519,141970
1400000US34005704500,34005704500,"Census Tract 7045, Burlington County, New Jersey",1584,1054,66.5,530,33.5,2.56,(X),2.31,(X),1584,1584,175,11,351,22.2,494,31.2,252,15.9,142,9,170,10.7,600,1921,454,724,527,830,57240
1400000US34005704600,34005704600,"Census Tract 7046, Burlington County, New Jersey",962,521,54.2,441,45.8,2.71,(X),2.22,(X),962,962,68,7.1,383,39.8,209,21.7,102,10.6,77,8,123,12.8,354,1491,167,765,436,1076,40833
1400000US34005704700,34005704700,"Census Tract 7047, Burlington County, New Jersey",1314,1109,84.4,205,15.6,2.64,(X),2.64,(X),1314,1314,76,5.8,243,18.5,373,28.4,248,18.9,206,15.7,168,12.8,709,1914,400,768,166,1047,76974
1400000US34005704801,34005704801,"Census Tract 7048.01, Burlington County, New Jersey",958,259,27,699,73,2.71,(X),3.1,(X),958,958,194,20.3,470,49.1,148,15.4,45,4.7,44,4.6,57,5.9,191,1959,68,681,692,1895,57283
1400000US34005704802,34005704802,"Census Tract 7048.02, Burlington County, New Jersey",221,5,2.3,216,97.7,-,(X),3.27,(X),221,221,53,24,161,72.9,5,2.3,2,0.9,0,0,0,0,0,-,5,-,200,2257,84792
1400000US34005981802,34005981802,"Census Tract 9818.02, Burlington County, New Jersey",12,12,100,0,0,3.42,(X),-,(X),12,12,0,0,0,0,8,66.7,0,0,0,0,4,33.3,12,3375,0,-,0,-,166250
1400000US34005982111,34005982111,"Census Tract 9821.11, Burlington County, New Jersey",124,0,0,124,100,-,(X),3.44,(X),124,124,26,21,89,71.8,9,7.3,0,0,0,0,0,0,0,-,0,-,124,2125,63333
1400000US34007600200,34007600200,"Census Tract 6002, Camden County, New Jersey",667,363,54.4,304,45.6,2.59,(X),3.13,(X),667,667,61,9.1,127,19,210,31.5,106,15.9,28,4.2,135,20.2,155,944,208,456,285,961,24099
1400000US34007600400,34007600400,"Census Tract 6004, Camden County, New Jersey",917,419,45.7,498,54.3,2.42,(X),3.34,(X),917,917,114,12.4,123,13.4,351,38.3,58,6.3,67,7.3,204,22.2,88,961,331,308,410,875,18625
1400000US34007600700,34007600700,"Census Tract 6007, Camden County, New Jersey",509,170,33.4,339,66.6,3.25,(X),2.98,(X),509,509,0,0,158,31,227,44.6,63,12.4,6,1.2,55,10.8,29,791,141,417,286,1035,24438
1400000US34007600800,34007600800,"Census Tract 6008, Camden County, New Jersey",1786,282,15.8,1504,84.2,3.06,(X),2.65,(X),1786,1786,208,11.6,552,30.9,649,36.3,168,9.4,113,6.3,96,5.4,119,975,163,460,1447,422,19746
1400000US34007600900,34007600900,"Census Tract 6009, Camden County, New Jersey",1354,420,31,934,69,3.01,(X),3.16,(X),1354,1354,124,9.2,415,30.6,414,30.6,234,17.3,117,8.6,50,3.7,210,973,210,495,906,729,23810
1400000US34007601000,34007601000,"Census Tract 6010, Camden County, New Jersey",1821,889,48.8,932,51.2,3.5,(X),3.75,(X),1821,1821,116,6.4,594,32.6,610,33.5,292,16,144,7.9,65,3.6,596,1084,293,516,915,1128,39253
1400000US34007601101,34007601101,"Census Tract 6011.01, Camden County, New Jersey",810,384,47.4,426,52.6,4.27,(X),3.92,(X),810,810,75,9.3,189,23.3,374,46.2,51,6.3,90,11.1,31,3.8,274,1217,110,519,379,964,42143
1400000US34007601102,34007601102,"Census Tract 6011.02, Camden County, New Jersey",1646,814,49.5,832,50.5,3.76,(X),3.46,(X),1646,1646,163,9.9,439,26.7,525,31.9,266,16.2,144,8.7,109,6.6,529,1141,285,548,805,963,37500
1400000US34007601200,34007601200,"Census Tract 6012, Camden County, New Jersey",1853,1158,62.5,695,37.5,3.16,(X),3.31,(X),1853,1853,160,8.6,470,25.4,534,28.8,359,19.4,165,8.9,165,8.9,636,1105,522,486,669,1048,42121
1400000US34007601300,34007601300,"Census Tract 6013, Camden County, New Jersey",1509,591,39.2,918,60.8,2.43,(X),2.99,(X),1509,1509,119,7.9,520,34.5,471,31.2,75,5,132,8.7,192,12.7,339,1177,252,463,905,917,22217
1400000US34007601400,34007601400,"Census Tract 6014, Camden County, New Jersey",1635,776,47.5,859,52.5,2.28,(X),3.32,(X),1635,1635,89,5.4,513,31.4,317,19.4,269,16.5,127,7.8,320,19.6,405,1195,371,475,804,940,32303
1400000US34007601500,34007601500,"Census Tract 6015, Camden County, New Jersey",2253,745,33.1,1508,66.9,3.09,(X),2.23,(X),2253,2253,170,7.5,825,36.6,789,35,196,8.7,107,4.7,166,7.4,464,1077,281,512,1491,895,18277
1400000US34007601600,34007601600,"Census Tract 6016, Camden County, New Jersey",955,266,27.9,689,72.1,2.1,(X),2.7,(X),955,955,89,9.3,392,41,232,24.3,81,8.5,58,6.1,103,10.8,99,958,167,448,689,874,23204
1400000US34007601700,34007601700,"Census Tract 6017, Camden County, New Jersey",1352,99,7.3,1253,92.7,2.25,(X),2.39,(X),1352,1352,98,7.2,641,47.4,478,35.4,46,3.4,43,3.2,46,3.4,59,755,40,-,1239,549,12629
1400000US34007601800,34007601800,"Census Tract 6018, Camden County, New Jersey",485,287,59.2,198,40.8,2.83,(X),3.45,(X),485,485,91,18.8,118,24.3,177,36.5,31,6.4,18,3.7,50,10.3,168,927,119,484,198,960,29922
1400000US34007601900,34007601900,"Census Tract 6019, Camden County, New Jersey",1045,346,33.1,699,66.9,2.81,(X),2.7,(X),1045,1045,24,2.3,415,39.7,298,28.5,99,9.5,47,4.5,162,15.5,175,959,171,441,688,527,20232
1400000US34007602000,34007602000,"Census Tract 6020, Camden County, New Jersey",2451,1110,45.3,1341,54.7,2.08,(X),3.05,(X),2451,2451,357,14.6,767,31.3,1023,41.7,132,5.4,106,4.3,66,2.7,845,1075,265,299,1341,1031,31823
1400000US34007602503,34007602503,"Census Tract 6025.03, Camden County, New Jersey",743,654,88,89,12,3.39,(X),4.82,(X),743,743,102,13.7,49,6.6,219,29.5,141,19,131,17.6,101,13.6,486,1457,168,763,89,1222,59750
1400000US34007602601,34007602601,"Census Tract 6026.01, Camden County, New Jersey",878,795,90.5,83,9.5,3.11,(X),2.52,(X),878,878,24,2.7,146,16.6,266,30.3,264,30.1,41,4.7,137,15.6,569,1690,226,839,68,1565,71750
1400000US34007602602,34007602602,"Census Tract 6026.02, Camden County, New Jersey",996,683,68.6,313,31.4,2.98,(X),3,(X),996,996,143,14.4,161,16.2,452,45.4,120,12,61,6.1,59,5.9,560,1790,123,813,313,905,61875
1400000US34007602901,34007602901,"Census Tract 6029.01, Camden County, New Jersey",1881,1592,84.6,289,15.4,2.51,(X),2.07,(X),1881,1881,78,4.1,249,13.2,657,34.9,307,16.3,282,15,308,16.4,999,1729,593,865,289,1407,73750
1400000US34007602902,34007602902,"Census Tract 6029.02, Camden County, New Jersey",1176,850,72.3,326,27.7,3.42,(X),1.71,(X),1176,1176,99,8.4,189,16.1,442,37.6,233,19.8,54,4.6,159,13.5,673,1912,177,735,326,271,61667
1400000US34007603001,34007603001,"Census Tract 6030.01, Camden County, New Jersey",1326,1066,80.4,260,19.6,2.86,(X),2.8,(X),1326,1326,116,8.7,290,21.9,453,34.2,224,16.9,106,8,137,10.3,843,1762,223,854,215,1282,72440
1400000US34007603002,34007603002,"Census Tract 6030.02, Camden County, New Jersey",1406,1148,81.7,258,18.3,3.04,(X),3.59,(X),1406,1406,129,9.2,158,11.2,498,35.4,269,19.1,142,10.1,210,14.9,933,1583,215,746,249,1002,70921
1400000US34007603100,34007603100,"Census Tract 6031, Camden County, New Jersey",1421,826,58.1,595,41.9,3.03,(X),2.09,(X),1421,1421,151,10.6,427,30,504,35.5,137,9.6,72,5.1,130,9.1,629,2072,197,761,572,1083,70563
1400000US34007603200,34007603200,"Census Tract 6032, Camden County, New Jersey",2569,1771,68.9,798,31.1,2.91,(X),1.81,(X),2569,2569,252,9.8,769,29.9,699,27.2,388,15.1,149,5.8,312,12.1,1075,1966,696,801,764,1658,75951
1400000US34007603301,34007603301,"Census Tract 6033.01, Camden County, New Jersey",1999,1183,59.2,816,40.8,2.8,(X),2.29,(X),1999,1999,209,10.5,568,28.4,551,27.6,335,16.8,132,6.6,204,10.2,846,2218,337,888,803,1360,67336
1400000US34007603302,34007603302,"Census Tract 6033.02, Camden County, New Jersey",2233,1807,80.9,426,19.1,2.8,(X),4.08,(X),2233,2233,91,4.1,462,20.7,739,33.1,413,18.5,194,8.7,334,15,1011,1999,796,1052,359,1178,95778
1400000US34007603303,34007603303,"Census Tract 6033.03, Camden County, New Jersey",1277,534,41.8,743,58.2,2.49,(X),1.73,(X),1277,1277,145,11.4,416,32.6,361,28.3,248,19.4,12,0.9,95,7.4,368,1891,166,918,743,1066,50781
1400000US34007603400,34007603400,"Census Tract 6034, Camden County, New Jersey",2763,2012,72.8,751,27.2,2.76,(X),2.16,(X),2763,2763,109,3.9,741,26.8,658,23.8,585,21.2,272,9.8,398,14.4,1259,2146,753,966,665,1472,73625
1400000US34007603501,34007603501,"Census Tract 6035.01, Camden County, New Jersey",2408,1733,72,675,28,2.69,(X),2.21,(X),2408,2408,158,6.6,603,25,564,23.4,639,26.5,219,9.1,225,9.3,1038,2841,695,1215,656,1796,108571
1400000US34007603503,34007603503,"Census Tract 6035.03, Camden County, New Jersey",1587,1569,98.9,18,1.1,2.86,(X),4.72,(X),1587,1587,0,0,211,13.3,490,30.9,234,14.7,168,10.6,484,30.5,1002,2950,567,1433,18,-,148882
1400000US34007603504,34007603504,"Census Tract 6035.04, Camden County, New Jersey",914,868,95,46,5,2.92,(X),3.22,(X),914,914,22,2.4,171,18.7,215,23.5,190,20.8,153,16.7,163,17.8,571,2274,297,1236,36,2184,104922
1400000US34007603505,34007603505,"Census Tract 6035.05, Camden County, New Jersey",1144,1082,94.6,62,5.4,2.99,(X),4,(X),1144,1144,26,2.3,130,11.4,277,24.2,366,32,117,10.2,228,19.9,680,2155,402,958,53,2327,110341
1400000US34007603506,34007603506,"Census Tract 6035.06, Camden County, New Jersey",2077,2018,97.2,59,2.8,2.92,(X),1.41,(X),2077,2077,38,1.8,476,22.9,512,24.7,521,25.1,212,10.2,318,15.3,1532,2649,486,1235,44,3093,132797
1400000US34007603507,34007603507,"Census Tract 6035.07, Camden County, New Jersey",2763,2221,80.4,542,19.6,2.61,(X),1.58,(X),2763,2763,180,6.5,725,26.2,946,34.2,451,16.3,245,8.9,216,7.8,1686,2706,535,1425,542,-,120322
1400000US34007603601,34007603601,"Census Tract 6036.01, Camden County, New Jersey",1392,1255,90.2,137,9.8,2.4,(X),2.25,(X),1392,1392,84,6,196,14.1,540,38.8,196,14.1,113,8.1,263,18.9,761,1938,494,1012,137,1444,88200
1400000US34007603602,34007603602,"Census Tract 6036.02, Camden County, New Jersey",863,841,97.5,22,2.5,3,(X),3.82,(X),863,863,20,2.3,129,14.9,222,25.7,178,20.6,113,13.1,201,23.3,583,2909,258,1320,12,-,146625
1400000US34007603603,34007603603,"Census Tract 6036.03, Camden County, New Jersey",845,820,97,25,3,2.71,(X),2.76,(X),845,845,29,3.4,157,18.6,270,32,172,20.4,115,13.6,102,12.1,599,2412,221,1155,19,1708,123487
1400000US34007603700,34007603700,"Census Tract 6037, Camden County, New Jersey",1522,947,62.2,575,37.8,2.61,(X),2.76,(X),1522,1522,120,7.9,578,38,429,28.2,155,10.2,57,3.7,183,12,666,1766,281,941,547,1108,76310
1400000US34007603800,34007603800,"Census Tract 6038, Camden County, New Jersey",1859,1564,84.1,295,15.9,3.02,(X),2.16,(X),1859,1859,59,3.2,444,23.9,551,29.6,377,20.3,204,11,224,12,1231,2212,333,1005,264,1031,105096
1400000US34007603901,34007603901,"Census Tract 6039.01, Camden County, New Jersey",2144,1412,65.9,732,34.1,2.62,(X),1.68,(X),2144,2144,68,3.2,650,30.3,639,29.8,277,12.9,140,6.5,370,17.3,891,2299,521,1021,687,1066,77375
1400000US34007603902,34007603902,"Census Tract 6039.02, Camden County, New Jersey",1227,637,51.9,590,48.1,2.87,(X),1.66,(X),1227,1227,171,13.9,292,23.8,360,29.3,216,17.6,74,6,114,9.3,439,1955,198,767,564,1362,72083
1400000US34007604100,34007604100,"Census Tract 6041, Camden County, New Jersey",805,471,58.5,334,41.5,3.49,(X),3.91,(X),805,805,44,5.5,157,19.5,367,45.6,142,17.6,55,6.8,40,5,306,1399,165,535,324,1121,45201
1400000US34007604200,34007604200,"Census Tract 6042, Camden County, New Jersey",1346,653,48.5,693,51.5,2.55,(X),2.31,(X),1346,1346,173,12.9,499,37.1,347,25.8,128,9.5,51,3.8,148,11,449,2002,204,1102,693,1310,71944
1400000US34007604300,34007604300,"Census Tract 6043, Camden County, New Jersey",1662,1077,64.8,585,35.2,2.64,(X),1.68,(X),1662,1662,167,10,523,31.5,417,25.1,236,14.2,83,5,236,14.2,825,1941,252,1005,565,1080,83864
1400000US34007604400,34007604400,"Census Tract 6044, Camden County, New Jersey",1343,1014,75.5,329,24.5,2.75,(X),1.96,(X),1343,1343,168,12.5,253,18.8,345,25.7,220,16.4,129,9.6,228,17,603,2444,411,1113,320,1035,84131
1400000US34007604600,34007604600,"Census Tract 6046, Camden County, New Jersey",923,480,52,443,48,2.54,(X),1.79,(X),923,923,103,11.2,348,37.7,264,28.6,115,12.5,43,4.7,50,5.4,361,1849,119,949,436,873,62750
1400000US34007604700,34007604700,"Census Tract 6047, Camden County, New Jersey",778,696,89.5,82,10.5,2.67,(X),1.76,(X),778,778,46,5.9,127,16.3,185,23.8,133,17.1,127,16.3,160,20.6,487,1819,209,853,82,1250,73796
1400000US34007605100,34007605100,"Census Tract 6051, Camden County, New Jersey",883,732,82.9,151,17.1,2.54,(X),2.34,(X),883,883,81,9.2,86,9.7,237,26.8,146,16.5,100,11.3,233,26.4,419,1587,313,817,132,998,57438
1400000US34007605200,34007605200,"Census Tract 6052, Camden County, New Jersey",954,729,76.4,225,23.6,2.98,(X),2.92,(X),954,954,67,7,227,23.8,248,26,117,12.3,104,10.9,191,20,426,1600,303,731,206,963,57727
1400000US34007605300,34007605300,"Census Tract 6053, Camden County, New Jersey",714,548,76.8,166,23.2,2.66,(X),3.29,(X),714,714,54,7.6,170,23.8,246,34.5,78,10.9,81,11.3,85,11.9,410,1467,138,741,163,1222,62697
1400000US34007605400,34007605400,"Census Tract 6054, Camden County, New Jersey",1040,806,77.5,234,22.5,2.63,(X),2.02,(X),1040,1040,89,8.6,261,25.1,241,23.2,136,13.1,117,11.3,196,18.8,542,1714,264,900,234,895,60774
1400000US34007605602,34007605602,"Census Tract 6056.02, Camden County, New Jersey",1084,781,72,303,28,3.06,(X),1.79,(X),1084,1084,186,17.2,205,18.9,291,26.8,136,12.5,150,13.8,116,10.7,637,1974,144,1048,286,1014,87885
1400000US34007605700,34007605700,"Census Tract 6057, Camden County, New Jersey",1398,1042,74.5,356,25.5,2.67,(X),1.79,(X),1398,1398,79,5.7,367,26.3,423,30.3,158,11.3,157,11.2,214,15.3,810,1873,232,869,356,930,81524
1400000US34007605800,34007605800,"Census Tract 6058, Camden County, New Jersey",1101,999,90.7,102,9.3,2.52,(X),2.61,(X),1101,1101,58,5.3,141,12.8,333,30.2,208,18.9,84,7.6,277,25.2,603,2102,396,880,88,913,86250
1400000US34007605900,34007605900,"Census Tract 6059, Camden County, New Jersey",995,849,85.3,146,14.7,2.91,(X),2.01,(X),995,995,35,3.5,194,19.5,253,25.4,171,17.2,151,15.2,191,19.2,596,2416,253,1093,118,967,104417
1400000US34007606000,34007606000,"Census Tract 6060, Camden County, New Jersey",825,503,61,322,39,2.95,(X),1.49,(X),825,825,91,11,195,23.6,205,24.8,180,21.8,113,13.7,41,5,332,2458,171,1198,322,763,78689
1400000US34007606100,34007606100,"Census Tract 6061, Camden County, New Jersey",776,654,84.3,122,15.7,3.03,(X),2.02,(X),776,776,75,9.7,172,22.2,241,31.1,148,19.1,52,6.7,88,11.3,487,3363,167,"1,500+",116,1190,145000
1400000US34007606200,34007606200,"Census Tract 6062, Camden County, New Jersey",1449,1320,91.1,129,8.9,2.66,(X),2.09,(X),1449,1449,78,5.4,279,19.3,400,27.6,305,21,157,10.8,230,15.9,855,2866,465,1210,129,1566,122344
1400000US34007606300,34007606300,"Census Tract 6063, Camden County, New Jersey",941,643,68.3,298,31.7,2.95,(X),1.72,(X),941,941,95,10.1,313,33.3,265,28.2,126,13.4,72,7.7,70,7.4,439,3016,204,1253,294,1271,105179
1400000US34007606400,34007606400,"Census Tract 6064, Camden County, New Jersey",1031,961,93.2,70,6.8,3.04,(X),1.23,(X),1031,1031,63,6.1,237,23,303,29.4,200,19.4,88,8.5,140,13.6,656,"4,000+",305,"1,500+",63,1218,196989
1400000US34007606500,34007606500,"Census Tract 6065, Camden County, New Jersey",1148,804,70,344,30,2.67,(X),2.24,(X),1148,1148,116,10.1,213,18.6,382,33.3,178,15.5,112,9.8,147,12.8,595,1745,209,693,339,832,64103
1400000US34007606600,34007606600,"Census Tract 6066, Camden County, New Jersey",946,586,61.9,360,38.1,2.52,(X),1.98,(X),946,946,77,8.1,301,31.8,226,23.9,118,12.5,71,7.5,153,16.2,298,1958,288,1076,360,950,76250
1400000US34007606700,34007606700,"Census Tract 6067, Camden County, New Jersey",1824,1147,62.9,677,37.1,3.15,(X),1.49,(X),1824,1824,209,11.5,322,17.7,501,27.5,330,18.1,187,10.3,275,15.1,778,1895,369,873,677,820,70391
1400000US34007606800,34007606800,"Census Tract 6068, Camden County, New Jersey",1326,1061,80,265,20,2.79,(X),2.82,(X),1326,1326,103,7.8,298,22.5,322,24.3,204,15.4,109,8.2,290,21.9,792,1836,269,823,248,1089,63796
1400000US34007607000,34007607000,"Census Tract 6070, Camden County, New Jersey",1765,819,46.4,946,53.6,2.67,(X),2.4,(X),1765,1765,200,11.3,526,29.8,301,17.1,198,11.2,203,11.5,337,19.1,444,1575,375,707,887,698,42250
1400000US34007607100,34007607100,"Census Tract 6071, Camden County, New Jersey",1394,1219,87.4,175,12.6,2.72,(X),2.29,(X),1394,1394,80,5.7,360,25.8,262,18.8,209,15,147,10.5,336,24.1,803,1609,416,800,175,908,73077
1400000US34007607200,34007607200,"Census Tract 6072, Camden County, New Jersey",1797,938,52.2,859,47.8,3.11,(X),2.02,(X),1797,1797,195,10.9,559,31.1,553,30.8,151,8.4,164,9.1,175,9.7,720,1721,218,878,842,893,46576
1400000US34007607300,34007607300,"Census Tract 6073, Camden County, New Jersey",1643,1043,63.5,600,36.5,2.85,(X),2.21,(X),1643,1643,199,12.1,500,30.4,422,25.7,181,11,134,8.2,207,12.6,797,1681,246,844,581,930,53938
1400000US34007607401,34007607401,"Census Tract 6074.01, Camden County, New Jersey",1150,755,65.7,395,34.3,2.86,(X),1.57,(X),1150,1150,80,7,265,23,404,35.1,164,14.3,89,7.7,148,12.9,571,1678,184,832,372,886,54804
1400000US34007607402,34007607402,"Census Tract 6074.02, Camden County, New Jersey",1014,744,73.4,270,26.6,2.71,(X),2.26,(X),1014,1014,47,4.6,298,29.4,258,25.4,192,18.9,60,5.9,159,15.7,501,1679,243,785,270,963,67667
1400000US34007607502,34007607502,"Census Tract 6075.02, Camden County, New Jersey",2065,1704,82.5,361,17.5,2.64,(X),1.63,(X),2065,2065,100,4.8,478,23.1,924,44.7,270,13.1,124,6,169,8.2,1118,2542,586,1168,346,944,86473
1400000US34007607503,34007607503,"Census Tract 6075.03, Camden County, New Jersey",2186,1802,82.4,384,17.6,3.04,(X),1.74,(X),2186,2186,111,5.1,350,16,870,39.8,519,23.7,278,12.7,58,2.7,1273,2424,529,1324,384,1840,104257
1400000US34007607504,34007607504,"Census Tract 6075.04, Camden County, New Jersey",1145,1129,98.6,16,1.4,3.08,(X),4.56,(X),1145,1145,36,3.1,96,8.4,486,42.4,278,24.3,187,16.3,62,5.4,716,3127,413,1451,16,-,173304
1400000US34007607505,34007607505,"Census Tract 6075.05, Camden County, New Jersey",1442,1367,94.8,75,5.2,3.28,(X),3.81,(X),1442,1442,44,3.1,210,14.6,486,33.7,359,24.9,211,14.6,132,9.2,976,2802,391,1451,53,2855,135238
1400000US34007607506,34007607506,"Census Tract 6075.06, Camden County, New Jersey",1281,628,49,653,51,2.44,(X),2.92,(X),1281,1281,337,26.3,372,29,320,25,77,6,150,11.7,25,2,523,1539,105,877,609,1461,81843
1400000US34007607507,34007607507,"Census Tract 6075.07, Camden County, New Jersey",2810,810,28.8,2000,71.2,2.63,(X),1.62,(X),2810,2810,575,20.5,1248,44.4,557,19.8,220,7.8,121,4.3,89,3.2,473,1744,337,823,1975,1138,47958
1400000US34007607600,34007607600,"Census Tract 6076, Camden County, New Jersey",774,722,93.3,52,6.7,2.7,(X),4.4,(X),774,774,18,2.3,95,12.3,168,21.7,153,19.8,165,21.3,175,22.6,417,2055,305,907,47,1841,84250
1400000US34007607701,34007607701,"Census Tract 6077.01, Camden County, New Jersey",2192,491,22.4,1701,77.6,3.04,(X),2.4,(X),2192,2192,456,20.8,742,33.9,675,30.8,162,7.4,62,2.8,95,4.3,319,1661,172,868,1688,877,29532
1400000US34007607702,34007607702,"Census Tract 6077.02, Camden County, New Jersey",1581,680,43,901,57,2.44,(X),2.22,(X),1581,1581,138,8.7,631,39.9,336,21.3,152,9.6,216,13.7,108,6.8,429,1538,251,963,858,1001,46472
1400000US34007607801,34007607801,"Census Tract 6078.01, Camden County, New Jersey",2493,906,36.3,1587,63.7,2.27,(X),2.5,(X),2493,2493,196,7.9,1120,44.9,751,30.1,179,7.2,84,3.4,163,6.5,660,1261,246,741,1572,960,40897
1400000US34007607802,34007607802,"Census Tract 6078.02, Camden County, New Jersey",830,632,76.1,198,23.9,2.7,(X),2.49,(X),830,830,52,6.3,228,27.5,239,28.8,107,12.9,55,6.6,149,18,471,1640,161,632,198,1425,72083
1400000US34007607900,34007607900,"Census Tract 6079, Camden County, New Jersey",707,573,81,134,19,2.91,(X),1.87,(X),707,707,42,5.9,143,20.2,200,28.3,141,19.9,70,9.9,111,15.7,418,1985,155,1043,127,893,82250
1400000US34007608001,34007608001,"Census Tract 6080.01, Camden County, New Jersey",1329,820,61.7,509,38.3,2.91,(X),2.07,(X),1329,1329,60,4.5,335,25.2,395,29.7,272,20.5,109,8.2,158,11.9,546,1629,274,886,461,921,63618
1400000US34007608202,34007608202,"Census Tract 6082.02, Camden County, New Jersey",1409,1168,82.9,241,17.1,2.81,(X),2.08,(X),1409,1409,143,10.1,160,11.4,447,31.7,208,14.8,245,17.4,206,14.6,842,1851,326,1052,230,1242,84583
1400000US34007608205,34007608205,"Census Tract 6082.05, Camden County, New Jersey",1389,1347,97,42,3,2.93,(X),3.31,(X),1389,1389,82,5.9,100,7.2,349,25.1,289,20.8,194,14,375,27,943,2110,404,1128,33,2141,97313
1400000US34007608206,34007608206,"Census Tract 6082.06, Camden County, New Jersey",1280,1120,87.5,160,12.5,2.73,(X),3.79,(X),1280,1280,104,8.1,94,7.3,428,33.4,266,20.8,78,6.1,310,24.2,717,1927,403,924,132,1462,84667
1400000US34007608209,34007608209,"Census Tract 6082.09, Camden County, New Jersey",1332,762,57.2,570,42.8,2.69,(X),2.11,(X),1332,1332,78,5.9,383,28.8,400,30,160,12,229,17.2,82,6.2,545,2369,217,1057,562,1080,60357
1400000US34007608210,34007608210,"Census Tract 6082.10, Camden County, New Jersey",1512,433,28.6,1079,71.4,3.33,(X),2.25,(X),1512,1512,355,23.5,663,43.8,184,12.2,94,6.2,146,9.7,70,4.6,293,2266,140,1085,1079,961,47404
1400000US34007608211,34007608211,"Census Tract 6082.11, Camden County, New Jersey",2185,1539,70.4,646,29.6,2.99,(X),2.14,(X),2185,2185,121,5.5,652,29.8,860,39.4,336,15.4,146,6.7,70,3.2,1297,1756,242,809,626,1342,66472
1400000US34007608302,34007608302,"Census Tract 6083.02, Camden County, New Jersey",2014,847,42.1,1167,57.9,2.57,(X),2.05,(X),2014,2014,279,13.9,589,29.2,583,28.9,169,8.4,133,6.6,261,13,463,1921,384,811,1167,1056,49214
1400000US34007608303,34007608303,"Census Tract 6083.03, Camden County, New Jersey",1041,720,69.2,321,30.8,3,(X),2.36,(X),1041,1041,48,4.6,281,27,247,23.7,219,21,141,13.5,105,10.1,461,1968,259,969,321,981,68045
1400000US34007608304,34007608304,"Census Tract 6083.04, Camden County, New Jersey",2701,1891,70,810,30,2.36,(X),2.45,(X),2701,2701,166,6.1,789,29.2,910,33.7,454,16.8,214,7.9,168,6.2,1438,1823,453,845,796,1269,65864
1400000US34007608401,34007608401,"Census Tract 6084.01, Camden County, New Jersey",1301,1270,97.6,31,2.4,3.03,(X),6.1,(X),1301,1301,90,6.9,131,10.1,405,31.1,326,25.1,254,19.5,95,7.3,1068,1767,202,946,31,-,81103
1400000US34007608402,34007608402,"Census Tract 6084.02, Camden County, New Jersey",1306,1231,94.3,75,5.7,3.09,(X),2.08,(X),1306,1306,37,2.8,242,18.5,525,40.2,445,34.1,36,2.8,21,1.6,725,2437,506,951,64,918,91023
1400000US34007608403,34007608403,"Census Tract 6084.03, Camden County, New Jersey",2238,1957,87.4,281,12.6,3.18,(X),2.98,(X),2238,2238,131,5.9,488,21.8,895,40,451,20.2,221,9.9,52,2.3,1665,2259,292,942,281,1369,102925
1400000US34007608404,34007608404,"Census Tract 6084.04, Camden County, New Jersey",2252,1800,79.9,452,20.1,2.59,(X),2.94,(X),2252,2252,208,9.2,326,14.5,1003,44.5,425,18.9,150,6.7,140,6.2,1342,2035,458,886,435,1243,83142
1400000US34007608503,34007608503,"Census Tract 6085.03, Camden County, New Jersey",1131,566,50,565,50,2.91,(X),2.12,(X),1131,1131,195,17.2,214,18.9,362,32,211,18.7,53,4.7,96,8.5,355,1431,211,1105,537,976,47882
1400000US34007608504,34007608504,"Census Tract 6085.04, Camden County, New Jersey",1530,629,41.1,901,58.9,2.32,(X),2.14,(X),1530,1530,203,13.3,518,33.9,595,38.9,144,9.4,48,3.1,22,1.4,570,1678,59,857,901,905,37727
1400000US34007608600,34007608600,"Census Tract 6086, Camden County, New Jersey",1898,1211,63.8,687,36.2,2.78,(X),2.27,(X),1898,1898,219,11.5,404,21.3,710,37.4,231,12.2,238,12.5,96,5.1,815,1552,396,762,680,994,52634
1400000US34007608700,34007608700,"Census Tract 6087, Camden County, New Jersey",2750,2264,82.3,486,17.7,2.83,(X),2.23,(X),2750,2750,94,3.4,613,22.3,1074,39.1,461,16.8,208,7.6,300,10.9,1617,1961,647,889,426,1163,90354
1400000US34007608800,34007608800,"Census Tract 6088, Camden County, New Jersey",2058,1367,66.4,691,33.6,2.78,(X),2.38,(X),2058,2058,148,7.2,532,25.9,561,27.3,282,13.7,212,10.3,323,15.7,917,1837,450,932,656,898,59122
1400000US34007608901,34007608901,"Census Tract 6089.01, Camden County, New Jersey",1959,1605,81.9,354,18.1,3.01,(X),2.74,(X),1959,1959,42,2.1,464,23.7,615,31.4,450,23,190,9.7,198,10.1,1268,1605,337,818,322,1372,82470
1400000US34007608903,34007608903,"Census Tract 6089.03, Camden County, New Jersey",1081,1059,98,22,2,3.07,(X),3.36,(X),1081,1081,15,1.4,120,11.1,256,23.7,215,19.9,229,21.2,246,22.8,680,1946,379,950,22,-,103105
1400000US34007608904,34007608904,"Census Tract 6089.04, Camden County, New Jersey",481,439,91.3,42,8.7,2.95,(X),2.81,(X),481,481,33,6.9,61,12.7,85,17.7,148,30.8,73,15.2,81,16.8,280,1862,159,1049,42,1368,93125
1400000US34007609000,34007609000,"Census Tract 6090, Camden County, New Jersey",584,443,75.9,141,24.1,2.73,(X),2.52,(X),584,584,48,8.2,117,20,169,28.9,68,11.6,53,9.1,129,22.1,277,1608,166,905,138,1000,52000
1400000US34007609103,34007609103,"Census Tract 6091.03, Camden County, New Jersey",1851,1507,81.4,344,18.6,2.85,(X),2.86,(X),1851,1851,88,4.8,425,23,667,36,355,19.2,137,7.4,179,9.7,1049,1971,458,747,324,1333,68795
1400000US34007609201,34007609201,"Census Tract 6092.01, Camden County, New Jersey",1796,1177,65.5,619,34.5,2.55,(X),2.15,(X),1796,1796,114,6.3,586,32.6,626,34.9,322,17.9,115,6.4,33,1.8,975,1795,202,892,619,871,62083
1400000US34007609202,34007609202,"Census Tract 6092.02, Camden County, New Jersey",1645,1198,72.8,447,27.2,3.1,(X),2.55,(X),1645,1645,197,12,328,19.9,698,42.4,199,12.1,207,12.6,16,1,948,1717,250,808,430,1298,74601
1400000US34007609203,34007609203,"Census Tract 6092.03, Camden County, New Jersey",3171,2623,82.7,548,17.3,3.18,(X),2.08,(X),3171,3171,249,7.9,680,21.4,1479,46.6,566,17.8,145,4.6,52,1.6,2171,2125,452,1066,548,1269,92429
1400000US34007609204,34007609204,"Census Tract 6092.04, Camden County, New Jersey",1412,882,62.5,530,37.5,3,(X),3.25,(X),1412,1412,109,7.7,410,29,540,38.2,191,13.5,121,8.6,41,2.9,688,1486,194,747,530,1300,44063
1400000US34007609205,34007609205,"Census Tract 6092.05, Camden County, New Jersey",2091,1759,84.1,332,15.9,3.04,(X),2.13,(X),2091,2091,162,7.7,588,28.1,625,29.9,282,13.5,227,10.9,207,9.9,1407,2021,352,1071,306,952,93323
1400000US34007610300,34007610300,"Census Tract 6103, Camden County, New Jersey",907,152,16.8,755,83.2,2.23,(X),1.59,(X),907,907,205,22.6,301,33.2,274,30.2,82,9,10,1.1,35,3.9,138,1500,14,-,731,905,26484
1400000US34007610400,34007610400,"Census Tract 6104, Camden County, New Jersey",1240,606,48.9,634,51.1,2.66,(X),3,(X),1240,1240,96,7.7,404,32.6,450,36.3,121,9.8,49,4,120,9.7,316,1003,290,343,586,929,22472
1400000US34007610500,34007610500,"Census Tract 6105, Camden County, New Jersey",2034,1721,84.6,313,15.4,3.44,(X),3.71,(X),2034,2034,218,10.7,316,15.5,621,30.5,531,26.1,214,10.5,134,6.6,1212,1465,509,719,292,1086,82906
1400000US34007610600,34007610600,"Census Tract 6106, Camden County, New Jersey",607,131,21.6,476,78.4,2.24,(X),1.62,(X),607,607,77,12.7,219,36.1,151,24.9,90,14.8,47,7.7,23,3.8,65,1885,66,559,476,1049,45694
1400000US34007610800,34007610800,"Census Tract 6108, Camden County, New Jersey",1116,805,72.1,311,27.9,2.95,(X),1.92,(X),1116,1116,65,5.8,206,18.5,544,48.7,72,6.5,124,11.1,105,9.4,628,1544,177,779,258,979,42200
1400000US34007610900,34007610900,"Census Tract 6109, Camden County, New Jersey",1497,781,52.2,716,47.8,2.66,(X),1.72,(X),1497,1497,69,4.6,382,25.5,371,24.8,323,21.6,127,8.5,225,15,505,1668,276,925,701,798,63750
1400000US34007611000,34007611000,"Census Tract 6110, Camden County, New Jersey",2238,1288,57.6,950,42.4,2.72,(X),2.93,(X),2238,2238,149,6.7,658,29.4,545,24.4,319,14.3,278,12.4,289,12.9,762,1246,526,517,920,1081,43794
1400000US34007611100,34007611100,"Census Tract 6111, Camden County, New Jersey",1266,753,59.5,513,40.5,2.85,(X),2.24,(X),1266,1266,50,3.9,364,28.8,364,28.8,127,10,143,11.3,218,17.2,489,1604,264,780,513,909,45946
1400000US34007611200,34007611200,"Census Tract 6112, Camden County, New Jersey",1613,1294,80.2,319,19.8,2.8,(X),2.22,(X),1613,1613,80,5,325,20.1,486,30.1,245,15.2,155,9.6,322,20,899,2033,395,914,299,1098,82171
1400000US34007611300,34007611300,"Census Tract 6113, Camden County, New Jersey",1462,1100,75.2,362,24.8,2.66,(X),2.98,(X),1462,1462,89,6.1,284,19.4,372,25.4,169,11.6,154,10.5,394,26.9,571,1808,529,858,362,1462,54483
1400000US34007611400,34007611400,"Census Tract 6114, Camden County, New Jersey",1573,1416,90,157,10,2.74,(X),2.36,(X),1573,1573,76,4.8,187,11.9,428,27.2,377,24,214,13.6,291,18.5,1111,1673,305,891,157,1604,65156
1400000US34007611500,34007611500,"Census Tract 6115, Camden County, New Jersey",1679,1434,85.4,245,14.6,2.6,(X),1.92,(X),1679,1679,37,2.2,299,17.8,430,25.6,446,26.6,178,10.6,289,17.2,971,1868,463,774,204,1188,67396
1400000US34007611600,34007611600,"Census Tract 6116, Camden County, New Jersey",1940,492,25.4,1448,74.6,2.8,(X),1.69,(X),1940,1940,440,22.7,698,36,491,25.3,75,3.9,95,4.9,141,7.3,289,2177,203,944,1448,1039,43636
1400000US34007611700,34007611700,"Census Tract 6117, Camden County, New Jersey",1091,876,80.3,215,19.7,2.9,(X),2.59,(X),1091,1091,39,3.6,321,29.4,316,29,157,14.4,120,11,138,12.6,678,1866,198,768,206,1064,84976
1400000US34015500100,34015500100,"Census Tract 5001, Gloucester County, New Jersey",1640,1030,62.8,610,37.2,2.91,(X),1.97,(X),1640,1640,171,10.4,391,23.8,493,30.1,131,8,186,11.3,268,16.3,648,1756,382,820,551,881,54375
1400000US34015500201,34015500201,"Census Tract 5002.01, Gloucester County, New Jersey",888,731,82.3,157,17.7,2.77,(X),2.58,(X),888,888,38,4.3,167,18.8,224,25.2,144,16.2,148,16.7,167,18.8,475,1706,256,744,140,797,70500
1400000US34015500202,34015500202,"Census Tract 5002.02, Gloucester County, New Jersey",1737,1319,75.9,418,24.1,2.76,(X),1.94,(X),1737,1737,65,3.7,337,19.4,320,18.4,335,19.3,289,16.6,391,22.5,887,1742,432,775,408,1055,59199
1400000US34015500203,34015500203,"Census Tract 5002.03, Gloucester County, New Jersey",1862,1331,71.5,531,28.5,2.6,(X),1.86,(X),1862,1862,102,5.5,344,18.5,665,35.7,342,18.4,241,12.9,168,9,912,1866,419,797,501,1305,73371
1400000US34015500204,34015500204,"Census Tract 5002.04, Gloucester County, New Jersey",2554,1443,56.5,1111,43.5,3.09,(X),1.8,(X),2554,2554,277,10.8,758,29.7,863,33.8,346,13.5,160,6.3,150,5.9,1163,2559,280,1013,1099,952,85444
1400000US34015500205,34015500205,"Census Tract 5002.05, Gloucester County, New Jersey",1509,1201,79.6,308,20.4,2.26,(X),2.35,(X),1509,1509,81,5.4,420,27.8,552,36.6,227,15,54,3.6,175,11.6,696,1894,505,774,301,1466,63869
1400000US34015500300,34015500300,"Census Tract 5003, Gloucester County, New Jersey",1065,876,82.3,189,17.7,2.85,(X),2.53,(X),1065,1065,87,8.2,168,15.8,357,33.5,164,15.4,91,8.5,198,18.6,600,1757,276,857,168,1025,61397
1400000US34015500400,34015500400,"Census Tract 5004, Gloucester County, New Jersey",2346,1596,68,750,32,2.79,(X),2,(X),2346,2346,112,4.8,394,16.8,967,41.2,263,11.2,129,5.5,481,20.5,891,1297,705,731,733,1009,46429
1400000US34015500500,34015500500,"Census Tract 5005, Gloucester County, New Jersey",1906,1550,81.3,356,18.7,2.69,(X),1.89,(X),1906,1906,72,3.8,349,18.3,543,28.5,282,14.8,155,8.1,505,26.5,843,1826,707,809,349,1154,70255
1400000US34015500600,34015500600,"Census Tract 5006, Gloucester County, New Jersey",3253,3013,92.6,240,7.4,3.15,(X),2.85,(X),3253,3253,176,5.4,725,22.3,1432,44,373,11.5,192,5.9,355,10.9,2293,2551,720,1025,221,1200,123118
1400000US34015500701,34015500701,"Census Tract 5007.01, Gloucester County, New Jersey",3076,2763,89.8,313,10.2,2.49,(X),2.61,(X),3076,3076,149,4.8,588,19.1,1193,38.8,757,24.6,207,6.7,182,5.9,1794,1845,969,788,313,1290,88810
1400000US34015500702,34015500702,"Census Tract 5007.02, Gloucester County, New Jersey",2060,1939,94.1,121,5.9,2.99,(X),2.83,(X),2060,2060,42,2,283,13.7,697,33.8,629,30.5,217,10.5,192,9.3,1327,2281,612,899,121,1191,95066
1400000US34015500703,34015500703,"Census Tract 5007.03, Gloucester County, New Jersey",496,427,86.1,69,13.9,2.67,(X),1.43,(X),496,496,49,9.9,78,15.7,118,23.8,145,29.2,51,10.3,55,11.1,234,2335,193,1121,59,843,101786
1400000US34015500800,34015500800,"Census Tract 5008, Gloucester County, New Jersey",759,700,92.2,59,7.8,2.94,(X),2.14,(X),759,759,21,2.8,114,15,227,29.9,174,22.9,84,11.1,139,18.3,486,2425,214,1169,34,983,110694
1400000US34015500900,34015500900,"Census Tract 5009, Gloucester County, New Jersey",1083,950,87.7,133,12.3,2.87,(X),2.08,(X),1083,1083,74,6.8,180,16.6,278,25.7,178,16.4,124,11.4,249,23,645,2076,305,963,121,1222,80444
1400000US34015501001,34015501001,"Census Tract 5010.01, Gloucester County, New Jersey",746,555,74.4,191,25.6,2.7,(X),2.83,(X),746,746,20,2.7,182,24.4,267,35.8,95,12.7,106,14.2,76,10.2,417,1777,138,955,177,1421,81216
1400000US34015501002,34015501002,"Census Tract 5010.02, Gloucester County, New Jersey",1788,732,40.9,1056,59.1,2.65,(X),2.13,(X),1788,1788,147,8.2,596,33.3,547,30.6,212,11.9,135,7.6,151,8.4,549,1842,183,863,1039,895,35242
1400000US34015501003,34015501003,"Census Tract 5010.03, Gloucester County, New Jersey",1419,1027,72.4,392,27.6,2.44,(X),2.84,(X),1419,1419,35,2.5,386,27.2,457,32.2,278,19.6,109,7.7,154,10.9,710,1908,317,934,347,1134,64698
1400000US34015501101,34015501101,"Census Tract 5011.01, Gloucester County, New Jersey",1870,1087,58.1,783,41.9,2.63,(X),1.75,(X),1870,1870,263,14.1,468,25,522,27.9,339,18.1,205,11,73,3.9,712,1578,375,657,756,917,36582
1400000US34015501102,34015501102,"Census Tract 5011.02, Gloucester County, New Jersey",2830,1869,66,961,34,2.65,(X),1.94,(X),2830,2830,369,13,641,22.7,1263,44.6,376,13.3,69,2.4,112,4,1266,1805,603,826,961,1579,91742
1400000US34015501103,34015501103,"Census Tract 5011.03, Gloucester County, New Jersey",1708,1569,91.9,139,8.1,2.93,(X),2.63,(X),1708,1708,46,2.7,213,12.5,645,37.8,426,24.9,172,10.1,206,12.1,1141,1969,428,891,139,1222,77917
1400000US34015501104,34015501104,"Census Tract 5011.04, Gloucester County, New Jersey",1075,897,83.4,178,16.6,2.88,(X),2.45,(X),1075,1075,55,5.1,254,23.6,255,23.7,105,9.8,168,15.6,238,22.1,640,1801,257,789,178,974,77578
1400000US34015501105,34015501105,"Census Tract 5011.05, Gloucester County, New Jersey",1259,536,42.6,723,57.4,2.82,(X),1.89,(X),1259,1259,187,14.9,470,37.3,303,24.1,141,11.2,93,7.4,65,5.2,386,1778,150,679,723,1264,59159
1400000US34015501106,34015501106,"Census Tract 5011.06, Gloucester County, New Jersey",1386,1137,82,249,18,2.79,(X),2.59,(X),1386,1386,64,4.6,333,24,436,31.5,354,25.5,123,8.9,76,5.5,814,1774,323,822,235,1022,61429
1400000US34015501107,34015501107,"Census Tract 5011.07, Gloucester County, New Jersey",1550,1366,88.1,184,11.9,2.81,(X),2.84,(X),1550,1550,42,2.7,312,20.1,400,25.8,215,13.9,255,16.5,326,21,982,1644,384,629,167,1192,76100
1400000US34015501201,34015501201,"Census Tract 5012.01, Gloucester County, New Jersey",1941,1849,95.3,92,4.7,3.31,(X),2.26,(X),1941,1941,60,3.1,321,16.5,514,26.5,606,31.2,287,14.8,153,7.9,1337,2403,512,1076,49,1438,118417
1400000US34015501202,34015501202,"Census Tract 5012.02, Gloucester County, New Jersey",1489,1472,98.9,17,1.1,3.17,(X),2.82,(X),1489,1489,33,2.2,153,10.3,402,27,337,22.6,278,18.7,286,19.2,1064,2386,408,1044,17,-,116801
1400000US34015501203,34015501203,"Census Tract 5012.03, Gloucester County, New Jersey",1247,1136,91.1,111,8.9,2.61,(X),1.49,(X),1247,1247,79,6.3,221,17.7,259,20.8,223,17.9,122,9.8,343,27.5,803,1736,333,872,101,1377,79688
1400000US34015501204,34015501204,"Census Tract 5012.04, Gloucester County, New Jersey",1283,1269,98.9,14,1.1,2.85,(X),7.57,(X),1283,1283,14,1.1,106,8.3,452,35.2,264,20.6,181,14.1,266,20.7,811,2106,458,921,14,-,90446
1400000US34015501205,34015501205,"Census Tract 5012.05, Gloucester County, New Jersey",952,794,83.4,158,16.6,2.88,(X),3.05,(X),952,952,27,2.8,236,24.8,312,32.8,211,22.2,112,11.8,54,5.7,635,2637,159,865,151,1133,90648
1400000US34015501206,34015501206,"Census Tract 5012.06, Gloucester County, New Jersey",1482,946,63.8,536,36.2,2.8,(X),1.71,(X),1482,1482,173,11.7,325,21.9,344,23.2,294,19.8,102,6.9,244,16.5,640,2042,306,902,536,971,66531
1400000US34015501208,34015501208,"Census Tract 5012.08, Gloucester County, New Jersey",1598,1403,87.8,195,12.2,2.54,(X),2.08,(X),1598,1598,168,10.5,394,24.7,521,32.6,261,16.3,210,13.1,44,2.8,953,1924,450,909,187,1546,79111
1400000US34015501209,34015501209,"Census Tract 5012.09, Gloucester County, New Jersey",2834,1677,59.2,1157,40.8,2.75,(X),2.4,(X),2834,2834,305,10.8,882,31.1,942,33.2,438,15.5,166,5.9,101,3.6,1087,2489,590,1097,1132,1146,79621
1400000US34015501210,34015501210,"Census Tract 5012.10, Gloucester County, New Jersey",1118,1106,98.9,12,1.1,3.16,(X),6.92,(X),1118,1118,32,2.9,114,10.2,309,27.6,322,28.8,194,17.4,147,13.1,827,2270,279,1020,12,-,106645
1400000US34015501212,34015501212,"Census Tract 5012.12, Gloucester County, New Jersey",1342,951,70.9,391,29.1,2.9,(X),2.75,(X),1342,1342,86,6.4,388,28.9,354,26.4,184,13.7,191,14.2,139,10.4,671,1834,280,750,391,1551,71481
1400000US34015501213,34015501213,"Census Tract 5012.13, Gloucester County, New Jersey",1735,1522,87.7,213,12.3,2.86,(X),2.38,(X),1735,1735,90,5.2,314,18.1,548,31.6,475,27.4,275,15.9,33,1.9,1130,2188,392,1038,179,1377,91750
1400000US34015501301,34015501301,"Census Tract 5013.01, Gloucester County, New Jersey",1360,1096,80.6,264,19.4,2.71,(X),2.09,(X),1360,1360,107,7.9,280,20.6,336,24.7,165,12.1,234,17.2,238,17.5,781,1876,315,911,264,1147,73864
1400000US34015501302,34015501302,"Census Tract 5013.02, Gloucester County, New Jersey",1015,691,68.1,324,31.9,2.75,(X),2.73,(X),1015,1015,63,6.2,272,26.8,377,37.1,130,12.8,109,10.7,64,6.3,527,1640,164,705,324,1170,69583
1400000US34015501303,34015501303,"Census Tract 5013.03, Gloucester County, New Jersey",992,769,77.5,223,22.5,2.66,(X),1.92,(X),992,992,132,13.3,152,15.3,273,27.5,103,10.4,144,14.5,188,19,588,1803,181,1208,212,981,75588
1400000US34015501402,34015501402,"Census Tract 5014.02, Gloucester County, New Jersey",1005,504,50.1,501,49.9,2.93,(X),3.15,(X),1005,1005,218,21.7,215,21.4,201,20,95,9.5,93,9.3,183,18.2,363,1664,141,793,494,1182,34944
1400000US34015501403,34015501403,"Census Tract 5014.03, Gloucester County, New Jersey",1467,1195,81.5,272,18.5,2.49,(X),2.53,(X),1467,1467,136,9.3,252,17.2,575,39.2,152,10.4,229,15.6,123,8.4,915,1808,280,888,243,1097,82556
1400000US34015501404,34015501404,"Census Tract 5014.04, Gloucester County, New Jersey",500,201,40.2,299,59.8,2.1,(X),2.03,(X),500,500,59,11.8,202,40.4,61,12.2,37,7.4,56,11.2,85,17,143,1602,58,869,282,1268,29583
1400000US34015501405,34015501405,"Census Tract 5014.05, Gloucester County, New Jersey",1485,1240,83.5,245,16.5,3.03,(X),2.94,(X),1485,1485,81,5.5,270,18.2,557,37.5,442,29.8,98,6.6,37,2.5,1066,2034,174,883,223,857,102314
1400000US34015501406,34015501406,"Census Tract 5014.06, Gloucester County, New Jersey",1767,973,55.1,794,44.9,2.78,(X),2.58,(X),1767,1767,217,12.3,641,36.3,380,21.5,255,14.4,144,8.1,130,7.4,663,2065,310,884,773,1019,42337
1400000US34015501500,34015501500,"Census Tract 5015, Gloucester County, New Jersey",2986,2253,75.5,733,24.5,2.84,(X),2.82,(X),2986,2986,109,3.7,976,32.7,692,23.2,736,24.6,202,6.8,271,9.1,1697,1798,556,733,684,1118,65595
1400000US34015501603,34015501603,"Census Tract 5016.03, Gloucester County, New Jersey",2719,2026,74.5,693,25.5,2.37,(X),2.09,(X),2719,2719,49,1.8,646,23.8,897,33,603,22.2,261,9.6,263,9.7,1234,1873,792,708,693,987,61513
1400000US34015501604,34015501604,"Census Tract 5016.04, Gloucester County, New Jersey",2624,1914,72.9,710,27.1,2.89,(X),2.42,(X),2624,2624,130,5,647,24.7,1104,42.1,301,11.5,182,6.9,260,9.9,1356,1948,558,827,692,1111,70303
1400000US34015501605,34015501605,"Census Tract 5016.05, Gloucester County, New Jersey",1628,1528,93.9,100,6.1,2.88,(X),1.52,(X),1628,1628,65,4,279,17.1,692,42.5,227,13.9,142,8.7,223,13.7,865,2126,663,821,100,982,65660
1400000US34015501606,34015501606,"Census Tract 5016.06, Gloucester County, New Jersey",2552,2466,96.6,86,3.4,2.86,(X),3.5,(X),2552,2552,163,6.4,437,17.1,937,36.7,343,13.4,311,12.2,361,14.1,1869,2104,597,927,56,1152,82019
1400000US34015501608,34015501608,"Census Tract 5016.08, Gloucester County, New Jersey",2118,1848,87.3,270,12.7,2.59,(X),1.9,(X),2118,2118,121,5.7,520,24.6,666,31.4,450,21.2,220,10.4,141,6.7,1074,1719,774,838,270,1550,66277
1400000US34015501609,34015501609,"Census Tract 5016.09, Gloucester County, New Jersey",1846,1515,82.1,331,17.9,3.45,(X),1.82,(X),1846,1846,74,4,472,25.6,805,43.6,362,19.6,54,2.9,79,4.3,1202,2696,313,1207,321,801,116524
1400000US34015501701,34015501701,"Census Tract 5017.01, Gloucester County, New Jersey",1802,1770,98.2,32,1.8,3,(X),2.84,(X),1802,1802,33,1.8,211,11.7,655,36.3,423,23.5,304,16.9,176,9.8,1356,2090,414,768,32,-,101023
1400000US34015501702,34015501702,"Census Tract 5017.02, Gloucester County, New Jersey",862,777,90.1,85,9.9,3.04,(X),1.67,(X),862,862,23,2.7,88,10.2,250,29,192,22.3,167,19.4,142,16.5,523,1872,254,858,74,1000,102037
1400000US34015501703,34015501703,"Census Tract 5017.03, Gloucester County, New Jersey",1508,1332,88.3,176,11.7,2.73,(X),2.68,(X),1508,1508,84,5.6,252,16.7,536,35.5,269,17.8,176,11.7,191,12.7,951,1776,381,816,158,1212,70227
1400000US34015501704,34015501704,"Census Tract 5017.04, Gloucester County, New Jersey",1563,1309,83.7,254,16.3,2.74,(X),3.68,(X),1563,1563,84,5.4,198,12.7,512,32.8,314,20.1,269,17.2,186,11.9,884,1690,425,689,254,1241,63691
1400000US34015501800,34015501800,"Census Tract 5018, Gloucester County, New Jersey",599,455,76,144,24,2.73,(X),2.64,(X),599,599,58,9.7,127,21.2,186,31.1,53,8.8,76,12.7,99,16.5,305,1963,150,748,138,1171,74226
1400000US34015501900,34015501900,"Census Tract 5019, Gloucester County, New Jersey",1396,1273,91.2,123,8.8,2.98,(X),1.93,(X),1396,1396,39,2.8,247,17.7,438,31.4,251,18,220,15.8,201,14.4,787,2220,486,790,123,856,81649
1400000US34015502001,34015502001,"Census Tract 5020.01, Gloucester County, New Jersey",1841,1541,83.7,300,16.3,3.37,(X),2.38,(X),1841,1841,118,6.4,397,21.6,750,40.7,440,23.9,90,4.9,46,2.5,1337,2927,204,1129,282,956,137083
1400000US34015502002,34015502002,"Census Tract 5020.02, Gloucester County, New Jersey",2439,2209,90.6,230,9.4,2.95,(X),1.68,(X),2439,2439,131,5.4,539,22.1,983,40.3,475,19.5,128,5.2,183,7.5,1628,2619,581,960,177,1898,126338
1400000US34015502100,34015502100,"Census Tract 5021, Gloucester County, New Jersey",1027,1018,99.1,9,0.9,3.1,(X),1.89,(X),1027,1027,46,4.5,165,16.1,373,36.3,240,23.4,135,13.1,68,6.6,662,2832,356,1053,9,-,121406
1400000US34015502200,34015502200,"Census Tract 5022, Gloucester County, New Jersey",3869,3200,82.7,669,17.3,3.31,(X),2.16,(X),3869,3869,266,6.9,1238,32,1946,50.3,319,8.2,27,0.7,73,1.9,2605,2773,595,1127,669,1623,123347
1400000US34015502300,34015502300,"Census Tract 5023, Gloucester County, New Jersey",931,657,70.6,274,29.4,2.57,(X),3.34,(X),931,931,101,10.8,259,27.8,290,31.1,122,13.1,52,5.6,107,11.5,461,2058,196,956,263,1415,78267
1400000US34015502400,34015502400,"Census Tract 5024, Gloucester County, New Jersey",2023,1902,94,121,6,2.97,(X),2.42,(X),2023,2023,159,7.9,391,19.3,639,31.6,464,22.9,211,10.4,159,7.9,1482,1732,420,719,121,1293,105804